{"cameraMode":{"drawMode":0,"name":"Shaded","section":"Shading Mode"},"sceneLighting":false,"audioPlay":false,"sceneViewState":{"showFog":true,"showMaterialUpdate":false,"showSkybox":false,"showFlares":true,"showImageEffects":true,"showParticleSystems":true},"in2DMode":false,"pivot":{"x":19.204370498657228,"y":-1.6114728450775147,"z":13.499242782592774},"rotation":{"x":-0.13783316314220429,"y":-0.2822432219982147,"z":0.04103822633624077,"w":-0.9485282897949219},"size":17.072528839111329,"orthographic":false}