{"cameraMode":{"drawMode":0,"name":"Shaded","section":"Shading Mode"},"sceneLighting":false,"audioPlay":false,"sceneViewState":{"showFog":true,"showMaterialUpdate":false,"showSkybox":false,"showFlares":true,"showImageEffects":true,"showParticleSystems":true},"in2DMode":false,"pivot":{"x":12.960060119628907,"y":3.290325880050659,"z":-10.643453598022461},"rotation":{"x":0.000006580464287253562,"y":0.9999542236328125,"z":-0.00030976804555393755,"w":-0.012016472406685353},"size":18.40228271484375,"orthographic":false}